진단명,카운트,진단명(한국어),증상 키워드
Special screening examination for Coronavirus disease 2019 (COVID-19),18299,코로나바이러스감염증,"발열,기침,호흡곤란,근육통,피로감"
Hypertension,14088,고혈압,"두통,어지러움,시야변화,가슴통증"
Constipation,9925,변비,"어려운배변,배부패감,복부불편"
Gastritis,7682,위염,"상복부통증,속쓰림,구토,식욕부진"
Pneumonia,6415,폐렴,"발열,기침,가슴통증,호흡곤란"
Dyslipidemia,5794,이상지질혈증,"지방질농도증가,동맥경화"
Acute gastroenteritis,5762,급성 위장염,"구토,설사,복부통증"
Gastro-esophageal reflux disease,4405,식도역류병,"식도통증,흡인성기침,목메스꺼움"
Reflux esophagitis,4401,역류성 식도염,"흡인성기침,목메스꺼움,흡인성소화물"
Bronchitis,4296,기관지염,"기침,가래,호흡곤란,가슴통증"
"Gastritis, other",3870,기타 위염,"상복부불편,속쓰림,구토"
Non-erosive gastro-esophageal reflux disease,3513,비침식성 역류성 식도염,"식도통증,속쓰림,흡인성기침"
Heart failure,3424,심부전,"숨가쁨,다리부종,피로,두통"
Hepatitis,3267,간염,"피로,소화불량,상복부통증,황달증상"
"Gastritis, unspecified",3198,위염 (명시되지 않은),"상복부통증,속쓰림,구토"
Fever with chills,2848,오한과 발열,"몸살,오한,고열"
Special screening examination for other viral diseases,2789,기타 바이러스 질환을 위한 특별 선별 진료,바이러스
Insomnia,2781,불면증,수면장애
Urinary tract infection,2577,요로감염,"소변통증,잦은소변,발열"
Abnormal EKG,2467,이상한 심전도 결과,"심장박동이상,부정맥"
Anemia,2394,빈혈,"피로,빈혈증상,두통,식욕부진"
Diabetes mellitus type 2 without complication,2368,합병증 없는 제2형 당뇨병,개별진단
Hyperlipidemia,2366,과지질혈증,"지방질농도증가,동맥경화"
Pulmonary thromboembolism,2229,폐색전증,"저혈압,숨가쁨,발색,냉한피부"
Essential hypertension,2188,본태성 고혈압,"두통,어지러움,시야변화,가슴통증"
Abdominal pain,2187,복통,"다양한원인,다양한증상"
Sepsis,2097,패혈증,"고열,혼란,식은땀,골절증상"
Angina pectoris,2092,흉통,"가슴통증,압박감,호흡곤란"
Bronchiolitis,2013,기관지염,"기침,가래,호흡곤란,가슴통증"
Benign prostatic hyperplasia,1948,양성 전립선 비대증,"소변어려움,잦은소변"
Chest pain,1791,가슴 통증,"가슴통증,압박감,호흡곤란"
Acute appendicitis,1783,급성 충수염,"하복부통증,구토,설사"
Coronary artery disease,1723,관상동맥 질환,"흉통,압박감,호흡곤란"
"Anemia, iron deficiency",1697,철결핍 빈혈,"피로,빈혈증상,두통,식욕부진"
Diarrhea,1599,설사,설사
S/P Percutaneous transluminal coronary angioplasty with stent,1577,경피적 경동맥 팽대형성술(스텐트 삽입) 후,혈류문제
Ischemic heart disease,1570,허혈성 심장 질환,"가슴통증,호흡곤란,흉부압박감"
Gastric ulcer,1542,위궤양,"상복부통증,속쓰림,구토"
"Cataract, senile (left)",1497,노령성 백내장 (왼쪽),"시야저하,빛에민감,안개감"
"Cataract, senile (right)",1483,노령성 백내장 (오른쪽),"시야저하,빛에민감,안개감"
Delirium,1478,혼미,"혼란,어지러움,의식변화"
Atrial fibrillation,1467,심방세동,"빠른,불규칙박동,가슴떨림"
Asthma,1465,천식,"기침,호흡곤란,가슴졸림"
Diabetes mellitus type 2 with dyslipidemia,1463,합병증 있는 제2형 당뇨병,다양한합병증
"Dementia, Alzheimer",1438,"치매, 알츠하이머병","기억력상실,혼란,헷갈림"
Gallbladder stone,1436,담석,"복부통증,구토,복부부패감,복부압통,소화불량,식욕부진,발열,오한"
Pulmonary embolism,1429,폐색전증,"저혈압,숨가쁨,발색,냉한피부"
Unstable angina,1413,불안정한 협심증,"가슴통증,호흡곤란,불안,두통"
End stage renal disease (Hemodialysis),1388,종말기 신장 질환 (혈액투석),"피로,부종,식욕부진,혈액투석"
Acute tonsillopharyngitis,1388,급성 편도인두염,"인후통,목아픔,발열,목붓기"
"Systemic Inflammatory Response Syndrome, unspecified",1346,"전신 염증반응 증후군, 명시되지 않은","발열,근육통,피로감"
"Diabetes mellitus, without complication",1335,합병증 없는 당뇨병,개별진단
Sore throat,1324,인후통,"목아픔,목붓기,발열"
"Diabetes mellitus type 2, without complication",1288,합병증 없는 제2형 당뇨병,개별진단
"Gastritis, acute",1283,급성 위염,"상복부통증,속쓰림,구토"
Coronary artery disease (1 vessel disease),1273,관상동맥 1개 혈관 질환,"가슴통증,압박감,호흡곤란"
Dyspnea,1235,호흡곤란,"얕은호흡,가슴불편,숨가쁨"
Neurogenic bladder,1226,신경원성 방광,"방광불편,잦은소변,소변무력"
Dry eye,1221,안구 건조증,"눈건조,따가움,시야변화"
Myoma of uterus,1217,자궁 근종,"복부팽만감,생리과다,복부통증"
Acute pyelonephritis,1215,급성 신우신염,"배뇨불편,복통,고열"
Depression,1200,우울증,"우울감,피로,흥미상실"
Hypothyroidism,1193,갑상선 기능저하,"피로,체중증가,추위민감"
Acute kidney injury,1182,급성 신부전,"부종,소변적음,호흡곤란"
Diabetes mellitus type 2,1180,합병증 있는 제2형 당뇨병,다양한합병증
Unspecified astigmatism,1152,명시되지 않은 난시,"시야변화,빛에민감,안개감"
"Bronchitis, acute",1147,급성 기관지염,"기침,가래,호흡곤란"
Thyroid cancer,1146,갑상선암,"종물,목아픔,암"
Hyperglycemia,1141,과당혈증,개별진단
Pleural effusion,1137,폐 삼출증,"기침,가래,호흡곤란"
Allergic rhinitis,1123,알레르기성 비염,"코,가려움,재채기,코막힘"
Hyponatremia,1107,저나트륨혈증,"헤드레이크,오심,무기력"
Gastric erosion,1096,위 이염,"상복부통증,속쓰림,구토"
"Keratitis, other",1092,"각막염, 기타","눈붓기,눈,따가움,시야변화"
"Hypertension, unspecified",1031,"고혈압, 명시되지 않은",개별진단
Dizziness,1029,어지러움,"미열,현기증,실신위험"
Osteoarthritis,1015,골관절염,"관절통증,발작,운동제한"
"Breast cancer, left",1015,"유방암, 왼쪽","유방덩어리,유방통증,암"
Chronic obstructive pulmonary disease,1004,만성 폐쇄성 폐질환,"기침,가래,호흡곤란"
Mycoplasma pneumonia,998,마이코플라즈마 폐렴,"기침,발열,가슴통증,호흡곤란"
"Retinal disorder, other",985,망막 이상,"시야저하,빛에민감,눈부심"
Gallbladder stone with chronic cholecystitis,966,만성 담낭염을 동반한 담석,"복부통증,속쓰림,구토"
Vitamin D deficiency,962,비타민 D 결핍,"피로,근육통증,골다공증,위험"
Esophageal reflux,951,식도 역류,"식도통증,흡인성기침,메스꺼움"
"Hepatitis, unspecified",947,"간염, 명시되지 않은","피로,소화불량,상복부통증"
Headache,942,두통,"머리통증,두통,두통압력"
"Chronic kidney disease, unspecified",920,명시되지 않은 만성 신장 질환,다양한신장
"Angina pectoris, unspecified",909,명시되지 않은 협심증,"가슴통증,호흡곤란,불안"
Liver cirrhosis,883,간경화,"피로,소화불량,상복부통증"
Hyperkalemia,882,고칼륨혈증,"근육약화,무기력,불규칙박동"
"Bladder disorder, functional",878,기능성 방광 이상,"방광불편,잦은소변"
Acute pancreatitis,858,급성 췌장염,"상복부통증,구토,식욕부진"
Nausea,856,메스꺼움,"구토,메스꺼움"
Chronic superficial gastritis,852,만성 표재성 위염,"상복부통증,속쓰림,구토"
Myocardial bridge,829,심근 다리,"다리통증,부종,통증악화"
Coronary artery disease (2 vessel disease),828,관상동맥 2개 혈관 질환,"가슴통증,압박감,호흡곤란"
"Breast cancer, right",827,"유방암, 오른쪽","유방덩어리,유방통증,유방피부변화,암"
Endometrial polyp,821,자궁 내막 폴립,"불규칙출혈,생리과다,복부통증"
Impaired fasting glucose,819,공복 시 포만감 저하,"식욕감소,소화불량,체중감소"
Mycoplasma infection,818,마이코플라즈마 감염,"기침,발열,목아픔"
Cerebral infarction,799,뇌경색,"언어장애,신체마비"
"Coronavirus disease 2019, virus identified (COVID-19, virus identified)",795,코로나바이러스감염증,"발열,기침,호흡곤란,피로감"
Thrombophlebitis,787,혈전성 결막염,"두통,충혈,가려움,눈통증"
Paroxysmal atrial fibrillation,786,발작성 심방세동,"빠른심장박동,심장불규칙"
Dehydration,774,탈수,"입마름,소변적음,피로"
Rotator cuff tear,765,회전근 개 파열,"통증,부종,움직임제한"
Septic shock,763,패혈증성 쇼크,"혼란,발작,낮은혈압"
"Fever, unspecified",741,"열, 명시되지 않은","발열,오한,피로"
General weakness,723,일반적인 약함,"피로,에너지부족,약한상태"
S/P thyroidectomy,723,갑상선 절제술 후,갑상선조절
Subclinical hypothyroidism,721,잠복기 갑상선 기능저하증,"피로,추위민감,체중증가"
Colon polyp,719,대장 폴립,"대장이상성종,혈변"
"Newborn, singleton, born in hospital",719,"신생아, 단일생, 병원에서 출생",신생아관리
Coronary artery disease (3 vessel disease),715,관상동맥 3개 혈관 질환,"가슴통증,압박감,호흡곤란"
Minimal coronary artery occlusive disease,714,최소한의 관상동맥 폐쇄성 질환,"가슴통증,호흡곤란"
Vomiting,712,구토,"구토,메스꺼움,복부불쾌"
Health check-up,711,건강검진,"일반적,건강상태평가"
Laryngopharyngeal reflux disease without esophagitis,697,인두식도 역류성 질환 (식도염 없음),"목아픔,목불편,설사"
Common cold,690,감기,"코막힘,인후통,기침"
"Diabetes mellitus, type2, without complication",684,"당뇨병, 제2형, 합병증 없는",개별진단
Back pain,674,요통,"등통증,허리통증,통증이동"
Depressive disorder,671,우울장애,"우울감,무기력,흥미상실"
Diabetes mellitus,669,당뇨병,개별진단
"Spinal stenosis L4,L5",657,"척추 협착증 L4, L5","허리통증,다리통증,통증증상"
Type 2 diabetes mellitus with unspecified complications,641,"제2형 당뇨병, 합병증 미명시",개별진단
Esophageal reflux with esophagitis,640,식도 역류성 질환 (식도염 포함),"식도통증,흡인성기침,목메스꺼움"
Other bipolar affective disorders,621,기타 양극성 정서장애,"기분변화,우울,흥분"
Anxiety disorder,620,불안장애,"불안,긴장,공포"
"Hepatitis B, viral, chronic",618,"B형 간염, 바이러스성, 만성","피로,소화불량,상복부통증"
"Chronic kidney disease, stage 3",617,"만성 신장 질환, 3기","피로,부종,소변양변화"
"Radiculopathy, lumbar region",615,"요추 신경근병증, 요추 부위","허리통증,다리통증,저림현상"
Chronic renal failure,606,만성 신부전,"부종,소변적음,호흡곤란"
Adenomyosis,595,자궁내층증,"불규칙출혈,생리과다,복부통증"
Pyoderma,591,피부염,"피부가려움,발진,부기"
Rectal cancer,589,직장암,"변비,혈변,복부통증,암"
Acute cholecystitis,580,급성 담낭염,"상복부통증,구토,발열"
"Herniated disc, lumbar",578,"요추간판탈출증, 요추 부위","허리통증,다리통증,저림현상"
"Peripheral vascular disease, unspecified",577,"말초혈관 질환, 명시되지 않은",혈관
Hepatocellular carcinoma (B-viral),574,간세포암 (B-바이러스),"피로,체중감소,상복부통증,암"
"Bronchitis, chronic, other",559,"만성 기관지염, 기타","기침,가래,호흡곤란"
"Spinal stenosis, lumbar",555,"요추 척추 협착증, 요추 부위","허리통증,다리통증,저림현상"
Fatty liver,555,지방간,"복부팽만,피로,소화불량"
Parkinsonism,547,파킨슨병,"떨림,근육경직,움직임제한"
Deep vein thrombosis,545,심정맥 혈전증,"가슴통증,호흡곤란,부종"
Sigmoid colon cancer,542,흉결장암,"가슴통증,기침,천명,암"
Mass,537,대량,개별진단
Stable angina pectoris,533,안정된 협심증,"가슴통증,호흡곤란,피로"
"Keratitis, unspecified",529,"각막염, 미지명","눈붓기,눈따가움,시야변화"
Anxiety disorder with panic attacks,522,"공황장애, 패닉 발작과 함께","공포,불안,가슴답답함"
Cough,519,기침,"기침,가래,호흡곤란"
"Cerebral aneurysm, unruptured",519,"뇌동맥류, 미파열성","머리통증,어지러움,시야변화"
Upper gastrointestinal bleeding,518,상부 위장관 출혈,"구토,검은변,복통"
Myofascial pain syndrome,517,근막통 증후군,"근육통증,피로,근육경직"
Hyperuricemia,514,과식산증,"속쓰림,가슴통증,속부기"
Hemorrhoid,501,치핵,"통증,부종,발열"
Benign prostatic hypertrophy with obstruction,500,양성 전립선 비대증 및 폐색을 동반한,"소변어려움,복부통증,소변무력"
Common bile duct stone with cholangitis,499,총담관 결석을 동반한 담도 염증,"상복부통증,구토,발열"
Hematochezia,499,혈변,"변색변화,복통,체중감소"
"Ileus, unspecified",497,"장 폐색, 명시되지 않음","복부통증,구토,부종"
Metabolic acidosis,497,대사성 산증,"소양식욕,구토,피로"
"Herniated nucleus pulposus, L4-5",489,"요추 핵포대부위 탈출증, L4-5","허리통증,다리통증,저림현상"
Aspiration pneumonia,487,흡인성 폐렴,"기침,호흡곤란,가슴통증"
Herpes zoster,482,대상포진,"발진,가려움,통증"
Mild depressive episode,480,경도 우울증 증상,"우울감,피로,무기력"
Common bile duct stone,478,총담관 결석,"상복부통증,구토,발열"
"Bronchitis, chronic, unspecified",477,"만성 기관지염, 명시되지 않은","기침,가래,호흡곤란"
Neonatal hyperbilirubinemia,475,신생아 고빈빌리루빈혈증,"노란피부,눈황달,무기력"
Atypical angina,468,비정형성 협심증,"가슴통증,호흡곤란,흉부불쾌"
Epilepsy,467,간질,"발작,경련,의식잃음"
Parkinson disease,465,파킨슨병,"떨림,근육경직,움직임제한"
Infectious colitis,464,감염성 대장염,"복통,설사,체중감소"
Varicose vein (lower limb),446,정맥류 (하방),"통증,부종,피로"
Pruritus,441,가려움증,"가려움,발진,피부변화"
Acidosis,431,산성증,"소화불량,위통증,식욕부진"
"Colitis, acute",426,급성 대장염,"복통,설사,체중감소"
Other and unspecified superficial keratitis,423,기타 및 명시되지 않은 표표성 각막염,"눈붓기,눈따가움,시야변화"
"Conjunctivitis, allergic",421,알레르기성 결막염,"눈가려움,눈붓기,분비물"
"Pancreatic cancer, head",419,췌장머리부 암,"복부통증,체중감소,소화불량,암"
Chronic sinusitis,418,만성 부비동염,"코막힘,코붓기,재채기"
"Asthma, unspecified",415,"천식, 명시되지 않음","기침,호흡곤란,가슴답답함"
Hypocalcemia,412,저칼슘혈증,"근육경직,허리통증,오한"
Carotid artery atherosclerosis,411,경동맥 동맥경화증,"가슴통증,호흡곤란,피로"
Acute pharyngitis,404,급성 인두염,"인후통증,목아픔,목메스꺼움"
"Sinusitis, unspecified",403,"부비동염, 명시되지 않음","코막힘,코붓기,재채기"
Nause with vomiting,403,메스꺼움을 동반한 구토,"구토,메스꺼움,복부통증"
Croup,401,크룹,"기침,호흡곤란,죽림소리"
Lung cancer (adenocarcinoma),400,폐암 (선암세포암),"기침,가슴통증,호흡곤란,암"
"Functional disorder, digestive, unspecifed",399,"소화기 기능장애, 불명","소화불량,복부팽만,가스"
Persistent atrial fibrillation,398,지속성 심방세동,"가슴두근거림,호흡곤란,심장빠른박동"
Chemotherapy maintenance,396,항암 화학요법 유지요법,개별진단
Prostate cancer,395,전립선암,"배뇨어려움,잦은소변,골반통증,암"
Fluid overload,394,체액과부하,"부종,체중증가,호흡곤란"
Fever without focus,394,방향 없는 열,"발열,피로,두통"
Old cerebral infarction,392,과거성 뇌경색,"언어장애,신체마비"
Moderate depressive episode,390,중등도 우울증 증상,"우울감,피로,무기력"
Poor oral intake,387,소량의 구강 섭취,"음식거부,체중감소,위통"
Septal deviation,387,중겨비퇴위,"소화불량,구토,가슴불편"
Advanced gastric cancer,385,진행된 위암,"복부통증,체중감소,소화불량,암"
Pelvic adhesion,385,골반 밀착,개별진단
Atrial fibrillation with rapid ventricular response,385,빈맥성 심방세동에 빠른 심실 반응,"두근거림,현기증,호흡곤란"
Liver metastasis,385,간 전이,개별진단
Urticaria,383,두드러기,"가려움,발진,피부변화"
Chronic follicular tonsillitis,383,만성 난소염,"복부통증,생리과다,생리불순"
Gynecology examination,382,부인과 검진,"여성,건강상태평가"
Herniated lumbar disc,382,요추 추간판탈출증,"허리통증,다리통증,저림현상"
Ascending colon cancer,381,행장 악성종양,"복부통증,변색변화,체중감소"
Seizure,381,간질 발작,"발작,경련,의식잃음"
Hypercholesterolemia,380,고콜레스테롤혈증,개별진단
Melena,378,흑색변,"변색변화,복부통증,체중감소"
Focal seizure,378,포컬 발작,"발작,경련,의식잃음"
"Type 2 diabetes mellitus, with incipient diabetic nephropathy",376,"제2형 당뇨병, 초기 당뇨병 신장병 동반",개별진단
Shoulder impingement syndrome,375,어깨 충돌 증후군,"어깨통증,움직임제한,통증"
Mental change,374,정신 변화,개별진단
Epigastric pain,373,복부 통증,"복부통증,가스,속쓰림"
"Acid-base disorder, mixed",372,산-염증성 산도 균형 장애,"소화불량,위통증,가스"
Gastroenteritis of unspecified origin,371,원인 불명의 위장염,"소화불량,복부통증,가스"
Liver cirrhosis (alcoholic),370,간경변증 (알코올성),"피로,복부팽만,소화불량"
Other depressive episodes,370,기타 우울증 에피소드,"우울감,무기력,불안"
Ascites,369,복수,"배뇨어려움,소변볼때통증,잦은소변"
Degenerative spondylolisthesis,368,퇴행성 척추전위증,"허리통증,등통증,통증"
Influenza,368,인플루엔자,"발열,기침,인후통증"
Epidermal cyst,368,피부낭종,"피부통증,부기"
Impaired glucose tolerance,366,당화력 저하,개별진단
Cellulitis,359,세균성 피부염,"가려움,피부발진,부기"
Renal insufficiency,357,신 기능부전,"부종,피로,소화불량"
Allergic dermatitis,356,알러지성 피부염,"가려움,발진,피부,부기"
Peripheral arterial occlusive disease (lower extremities),352,말초동맥 폐쇄성 질환 (하지),"저림현상,다리통증,근육피로"
Non-ST elevation myocardial infarction,351,비-ST 상승 심근경색,"가슴통증,호흡곤란,피로"
Duodenal ulcer,350,십이지장 궤양,"복부통증,소화불량,구토"
Stomach cancer,345,위암,"소화불량,체중감소,구토,암"
Tension type headache,344,긴장성 두통,"두통,스트레스,어깨결림"
Lower back pain,344,요통,"허리통증,통증,저림현상"
Hypokalemia,334,저칼륨혈증,"근육경직,허리통증,복부팽만"
Vertigo,333,어지러움,"어지러움,현기증,구토"
Acute renal failure,332,급성 신부전,"부종,소변양변화,허리통증"
Diabetes mellitus type 2 with nephropathy-chronic renal failure,332,제2형 당뇨병에 신장병 동반-만성 신부전,개별진단
Central vertigo,332,중심성 어지러움,"어지러움,현기증,복통"
Endometrial pathology,331,자궁내막 병변,개별진단
Spinal stenosis,330,요추 추간판탈출증,"허리통증,다리통증,저림현상"
Acute calculous cholecystitis,328,급성 담낭염,"복부통증,발열,구토,오한"
"Metastasis to lymph node, neck",325,"림프절 전이, 경부",경부림프절부종또는덩어리
Acute follicular tonsillitis,325,급성 모낭 세균성 편도선염,"목통증,발열,인후통증"
Chronic laryngitis,324,만성 후두염,"목소리변조,목통증,기침"
Internal derangement of knee,323,무릎 내부 손상,"무릎통증,부종,움직임제한"
"Acute myocardial infarction, ST elevation",319,급성 상승 심근경색,"가슴통증,호흡곤란,두통"
Benign hypertension,318,양성 고혈압,"두통,어지러움,시력변화"
Irritable bowel syndrome,314,과민성 대장 증후군,"복부통증,변비또는설사,가스"
Intestinal obstruction,312,장 폐쇄,"복부팽만,복부통증,구토"
Breast cancer,312,유방암,"유방덩어리,혹,유방통증"
Pulmonary edema,311,폐부종,"호흡곤란,부종,기침"
"Bronchiolitis, acute",309,급성 기관지염,"기침,가래,가슴통증"
Acute tonsillitis,308,급성 편도선염,"목통증,인후통증,발열"
"Hepatocellular carcinoma (non-B, non-C)",307,"간세포암 (B, C 바이러스 이외)","복부통증,체중감소,피로"
Lumbosacral radiculopathy,306,요추신경뿌리마비,"허리통증,다리통증,근육약화"
Acute rhinitis,306,급성 비염,"코막힘,재채기,코가려움,콧물"
"Cystitis, other",304,기타의 방광염,"방광통증,배뇨빈도증가,발열"
Mild cognitive impairment,302,경도 인지 장애,"기억문제,집중력저하,혼란"
"Spinal stenosis L3,L4,L5",298,"요추 추간판탈출증 (L3,L4,L5)","허리통증,다리통증,근육약화"
Transient ischemic attack,296,일과성 허혈성 뇌경색,"어지러움,언어장애,근육약화"
Diabetes mellitus type 2 with neuropathy-poly,296,제2형 당뇨병에 신경병적증상-다발성 신경병,"저림,감각이상,근육약화"
"Chronic kidney disease, stage 4",294,"만성 신부전, 4단계","부종,호흡곤란,체중감소"
"Rhinovirus infection, unspecified site",293,"라이노바이러스 감염, 특정부위 명시되지 않음","코막힘,재채기,코가려움,콧물"
Myalgia,291,근통,"근육통증,근육경직,피로"
Pain,289,통증,다양한통증
Other and unspecified constipation,286,기타 및 명시되지 않은 변비,"변비,복부팽만,복부통증"
Hypoglycemia,284,저혈당증,"어지러움,두통,두근거림"
"Iron deficiency anemia, unspecified",284,"무기증상 빈혈, 상세불명","피로,빈혈증상,체중감소"
Congestive heart disease,281,단심성 심부전,"호흡곤란,부종,피로"
Variant angina pectoris,281,변형성 협심증,"흉통,가슴압박감,호흡곤란"
Gastric ulcer with bleeding,281,위궤양 출혈을 동반한,"복부통증,피혈구토,검은변"
Stroke,280,뇌졸증,"언어장애,어지러움,어지럼증"
Fever unknown origin,279,원인불명 열,"발열,어지러움,근육통증"
Patent foramen ovale,279,패혈성 동맥 개머,"근육통증,발열,혈압상승"
Syncope,279,실신,"의식상실,어지러움,피로"
"Osteoporosis, other",278,"골다공증, 기타","뼈통증,키감소,골절위험증가"
Cardiomegaly,277,심장비대,"가슴통증,호흡곤란,부종"
Postherpetic neuralgia,277,대상포진 후 신경통,"피부발진,신경통,가려움"
Acute appendicitis with localized peritonitis,274,국소위장염성 충수염 동반한 급성 충수염,"복부통증,설사,발열"
Hepatic encephalopathy,273,간 뇌질환,"혼란,구토,체중감소"
"Retinal disorder, unspecified",270,"망막 장애, 상세불명","시력저하,시야문제,눈물분비"
Pulmonary tuberculosis,269,폐 결핵,"기침,가래,호흡곤란"
Bladder cancer,269,방광암,"방광통증,혈뇨,배뇨빈도증가"
Vasomotor rhinitis,268,혈관운동성 비염,"코혼잡,재채기,눈가려움"
"Lung cancer, unspecified",266,"폐암, 상세불명","기침,가래,호흡곤란"
Dysarthria,264,구음장애,"음성변조,발음문제,목소리변조"
Acute myocardial infarction,262,급성 심근경색,"가슴통증,호흡곤란,두통"
Multiple myoma of uterus,262,자궁내막종증,"과다월경출혈,복부통증,생리불순"
Paroxysmal supraventricular tachycardia,260,박쥐심실 빈맥,"빈맥,가슴두근거림,어지러움"
"Abdominal pain, Rt lower",259,"하복부 통증, 오른쪽 아래","복부통증,복부팽만,구토"
Functional dyspepsia,256,기능성 소화불량,"소화불량,가스,복부통증"
"Ureter stone, right",256,"요관 결석, 오른쪽","통증성소변,배뇨빈도증가,혈뇨"
"Osteoporosis, unspecified",255,"골다공증, 상세불명","뼈통증,키감소,골절위험증가"
Iron deficiency anemia secondary to blood loss,255,출혈을 동반한 무기증상 빈혈,"피로,빈혈증상,체중감소"
"Ovarian cyst, right",253,"난소낭종, 오른쪽","복부통증,생리불순,과다월경"
"Diabetes mellitus, type II with polyneuropathy",252,제2형 당뇨병에 다발성 신경병 동반,"저림,감각이상,근육약화"
Gastric polyp,251,위 폴립,"복부통증,소화불량,구토"
"Ureter stone, left",248,"요관 결석, 왼쪽","통증성소변,배뇨빈도증가,혈뇨"
Upper respiratory infection,247,상부기관 감염,"발열,목통증,인후통증"
Impacted teeth,247,임팩트 치아,"치아,강한충격,손상,파손"
Chronic hypertrophic rhinitis,246,만성 비대성 비염,"코염증,콧물,코막힘,재채기"
Herniated nucleus pulposus. L5-S1,246,"요추 추간판탈출증, L5-S1","요추,디스크이탈,신경압박,통증,저림"
Bronchiectasis,245,기관지확장증,"기관지,비정상적확장,호흡곤란,기침,가래"
Asthma-COPD(chronic obstructive pulmonary disease) overlap syndrome,245,천식-COPD(만성폐쇄성폐질환) 중복증후군,"천식,만성,폐쇄성폐질환,호흡곤란,기침"
EKG abnormality,242,EKG 이상,"심전도,심박도이상"
Kawasaki disease,242,카와사키병,"유아,어린이,발열,피부발진,결막염,면역계질환"
Heart failure with reduced ejection fraction,241,"심장 부전, 감소된 박출계수를 동반한","심장,기능저하,체액노출,호흡곤란,부종"
"Osteoporosis, multiple",241,"골다공증, 다발성","뼈,밀도감소,강도감소,골절,위험"
"Insomnia, nonorganic origin",241,"기능성 불면증, 비기관적 기원","무요인,불면,수면장애"
"Osteoarthritis, knee, both",240,"슬관절염, 양쪽 무릎","슬관절염증,관절염,통증,운동제한"
S/P Percutaneous transluminal angioplasty with stent,240,경광관조영술(경피적 경동맥 혈관확장술) 및 스텐트 삽입술 수술 후,"경피적경동맥,경동맥,림프부종발생,수술후"
Lymphedema,239,림프부종,"림프저류,림프액축적,림프,다리,팔,부종"
Hematuria,238,혈뇨,혈뇨
Cerebral concussion,238,뇌진탕,"머리,강한충격,의식손실,혼란"
General medical examination,238,일반 의료 검진,"정기적,건강상태평가"
Chest discomfort,237,가슴 불편감,"가슴,불쾌한감각,통증"
"Asthma, acute attack",236,급성 천식 발작,"급성,호흡곤란,기침,가슴답답함"
"Pancreatic cancer, tail",236,"췌장암, 꼬리","췌장꼬리부위,암,종양,복부통증,소화문제"
Wound infection,233,상처 감염,"상처부위세균,부종,부기,분비물"
"Femur fracture, neck, closed",232,"대퇴골 골절, 경부, 폐쇄성","대퇴골경부,골절,통증,운동제한"
"Epithelial dysplasia, low grade, stomach",231,"상피이형증, 저등급, 위","위,점막이상세포,위암,암,초기증상"
Liver abscess,231,간 농양,"간,염증,농성물,복통,열,피로"
Arthritis,231,관절염,"관절염,염증,통증,부종,운동제한"
Anemia due to acute blood loss,230,급성 출혈로 인한 빈혈,"급격출혈,빈혈"
"Hypertension, essential, malignant",229,"본태성 고혈압, 악성","높은혈압,두통,시력변화,혼란"
Ovarian cancer,228,난소암,"난소종양,복통,생리이상,복부팽만"
Fatigue,228,피로,"지속적피로,기력저하"
End stage renal disease,227,최종단계 신장병,"신장,신장기능심각저하,체액불균형,빈혈,고혈압"
Hypertensive heart disease with (congestive) heart failure,227,(순환) 심부전을 동반한 고혈압성 심장병,"심부전,고혈압,심장질환,호흡곤란,부종"
Acute cholangitis,227,급성 담낭염,"담낭염증,복부통증,발열,구토"
Herniated cervical disc,226,"추간판 탈출증, 경추부","경추부위디스크,이탈,신경압박,통증,저림"
Radiotherapy maintenance,225,방사선 치료 유지요법,"방사선치료,치료계획,치료후"
Blepharitis,225,눈꺼풀염,"눈꺼풀,염증,부종,부기,가려움"
Acute coronary syndrome,223,급성 심근경색증후군,"급성심근경색,흉통,호흡곤란,불안"
"Inguinal hernia, right",223,"사료탈장, 오른쪽","위장,사료이탈,복부통증,구토,불안"
Status epilepticus,222,발작성 뇌전증,"급성발작,의식손실,경련"
Malignant hypertension,221,악성 고혈압,"심각한고혈압,두통,혼돈,시력변화"
Cervical myelopathy,219,경추수마마비,"경추부위신경,손상마비,운동장애"
Hematemesis,219,혈토,"혈액응고,혈액응고체,부종,통증"
"Bronchitis, purulent",219,"독성기관지염, 홍색","기관지염증,기침,호흡곤란,가래"
"Coronary artery disease, minimal",218,"관상동맥질환, 최소한의","관상동맥질환,가슴통증,불편감"
Norovirus enteritis,218,노로바이러스 위장염,"노로바이러스,위장염,구토,설사"
Foot drop,218,발바닥 떨림,"발바닥,떨림,근육경련"
"Ovarian cyst, left",215,왼쪽 난소 낭종,"난소,낭종,복부통증,불규칙생리"
"Constipation, slow colonic transit",215,"변비, 장질환","변비,배변어려움,복부팽만"
"Asthma, cough",215,"천식, 기침","기도염,기침,호흡곤란,가슴답답함"
"Pelvic inflammatory disease, female",214,"골반염, 여성","골반내염증,복부통증,생리이상,발열"
"Pancreatic cancer, body",213,"췌장암, 몸통","췌장몸통,암종양,암,복부통증,소화문제"
Nasal polyp,213,비강 점액종,"비강,점액증가,코막힘,콧물,불쾌감"
Coxarthrosis,212,고관절염,"고관절,염증,통증,운동제한"
Old cerebrovascular accident,211,과거 뇌혈관 사고,"뇌혈관,사고,후유증,편마비"
Diverticulitis,211,충수염,"충수염증,복부통증,발열,구토"
Traumatic subdural hemorrhage,210,외상성 경막하출혈,"외상,경막하출혈,두통,의식변화"
"Gastrointestinal bleeding, unspecified",210,"위장관 출혈, 특이사항 없음","위장관출혈,복부통증,무력감"
Liver disease,209,간질환,"간기능,피로,복부통증,구토"
Atony of bladder,209,Atony of bladder,"방광,약화,소변조절불능,배뇨곤란"
Lipoma,208,지방종,"지방세포,종양,피부,종아리,종물,부종"
"Infectious diarrhea, Campylobacter",208,"감염성 설사, 컴피로박터","세균감염,설사,복부불편감"
Bronchopneumonia,208,기관지 폐렴,"기관지,폐조직,염증,기침,가래,발열"
"Allergic rhinitis, unspecified",207,"알레르기 비염, 특이사항 없음","알레르기비염,콧물,재채기,가려움증"
Acute appendicitis with perforation with localized peritonitis,207,급성 출혈을 동반한 급성 맹장염,"맹장염증,복부통증,발열,출혈"
"Thrombocytopenia, unspecified",207,"혈소판 감소증, 특이사항 없음","혈소판감소,피부타박상,출혈경향"
Type 2 diabetes mellitus with renal impairment,206,만성 신장 손상을 동반한 제2형 당뇨병,"제2형,당뇨병,만성신장손상,복부불편감,무력감"
Eyelid mass,205,눈꺼풀 종양,"눈꺼풀,종양,덩어리"
Delirium due to multiple etiologies,205,다원성 발달 원인으로 인한 헛망,"다원성발달,사회적행동,어려움"
Diastolic heart failure,205,이완기 심부전,"심장,심장이완기,기능약화,호흡곤란,피로감"
"Bocavirus infection, unspecified site",205,"보카바이러스 감염, 특이사항 없음","보카바이러스,발진,구토,설사"
"Adrenal insufficiency, others",204,"부신 기능 부족, 기타","부신,호르몬,분비부족,피로,혈당변동"
Liver cirrhosis (B-viral),203,간경화증 (B-바이러스성),"B-바이러스,간,지속적손상,복부불편감,피로"
PSA elevation,203,전립샘 특이 항원 (PSA) 상승,"전립샘,특이항원,수치상승,주의"
Panic disorder,201,공황 장애,"급성,공황발작,불안,가슴답답함"
Atypical chest pain,200,비정형 흉통,"가슴통증,불편감,다양한패턴"
Lung metastasis,199,폐전이,"기타부위,종양,폐,전이,호흡곤란,가슴통증"
Cholangitis,199,담관염,"담도,염증,복부통증,발열,구토"
Panperitonitis,199,복막염,"복막염증,복부통증,발열,구토"
"Middle cerebral artery infarction, left",198,좌측 대뇌 동맥 인후경색,"뇌혈관,허혈,편마비,어려움"
Rhabdomyolysis,198,횡격근통증,"횡격근,통증,호흡곤란,가슴통증"
Metastasis to liver,197,간으로의 전이,"기타부위,종양,간,전이,복부통증,피로"
Cervical spondylotic myeloradiculopathy,197,경추수마수마성 척수근수용성 장애,"목,통증,근육약화,감각손실,운동장애"
Occlusion and stenosis of middle cerebral artery,196,중대뇌동맥 폐색 및 협착,"뇌혈관폐색,협착,두통,운동장애"
Dizziness and giddiness,195,어지러움 및 혼란,"어지러움,혼란"
Other iron deficiency anemias,195,기타 철 결핍 빈혈,"철분부족,피로,두통,무력감"
Asthmatic bronchitis,195,천식성 기관지염,"기관지,염증,기침,호흡곤란,가래"
Bronchiolitis obliterans,194,기관지 판막증식,"기관지,판막,비정상적,호흡곤란,가슴답답함"
Herpangina,194,헤르팡자감염,"헤르팡자바이러스,발진,열감"
Dilated cardiomyopathy,194,확장성 심근병증,"심근이완기능,호흡곤란,피로"
Cervical radiculopathy,193,경추 뿌리병,"경추신경,압박,통증,저림"
"Degenerative osteoarthritis, knee, both",192,양쪽 무릎 골관절의 변성성 골관절염,"무릎골관절,염증,통증,운동제한"
S/P cholecystectomy,191,쓸개 제거술 후,"쓸개,수술후,부종,통증"
Jaundice,191,황달,"피부,눈,노란변색,변색"
Emphysema,191,폐기종,"폐,기능저하,호흡곤란,피로,가슴통증"
Diastolic(congestive) heart failure (NYHA II),191,이완기 심부전 (NYHA II),"심장,이완기능,약화,호흡곤란,피로,부종"
Anxiety neurosis,190,불안 신경증,"불안,긴장,과민성"
"Bronchiolitis obliterans, mild",190,"기관지 판막증식, 경미한 정도","기관지,판막,비정상증식,기침,호흡곤란"
Dermatitis,190,피부염,"피부염증,가려움,발진,부기"
Coronary artery occlusive disease (1 vessel disease),190,"동맥폐색증, 1동맥 질환","동맥,허혈,통증,운동장애"
Type 2 diabetes mellitus with chronic renal failure,189,만성 신장 손상을 동반한 제2형 당뇨병,"만성,신장,손상,제2형,당뇨병,복부불편감,피로"
"Spinal stenosis L3,L4",189,"요추척수관협착증 L3,L4","요추척수관,협착,통증,저림,운동장애"
Neuropathy in diabetes mellitus classified elsewhere,189,기타 장소에서 분류된 당뇨병 신경병증,"다양한신경병증,통증,저림,마비"
Proteinuria,189,단백뇨,"소변,단백질,소변,색변화"
Migraine,189,편두통,"두통,구토,빛민감도"
Atopic eczema,188,아토피 피부염,"피부,가려움증,발진,부기"
"Congestive heart failure, systolic",188,"심부전, 수축기","심장,수축,기능저하,호흡곤란,피로"
Obstructive jaundice,186,폐색성 황달,"담도,폐색,눈,피부,노란변색,가려움증"
Old myocardial infarction,186,과거 심근경색,"과거,심근경색,가슴통증"
Neck pain,186,목 통증,"목,통증,불편감"
"Hyperthyroidism, without thyrotoxic crisis or storm",186,"갑상선기능항진증, 갑작스러운 위기나 폭풍이 없이","갑상선,기능과다,불안,불규칙심박"
Diabetic foot,184,당뇨성 발병증,"당뇨병,발병,소변,빈도증,체중변화"
"Angina pectoris, Prinzmetal",184,"흉통, 프린츠메탈 형태의 협심증","프린츠메탈협심증,가슴통증"
"Infection, Clostridium difficile",184,"감염, 클로스트리디움 디피실","클로스트리디움디피실,설사,복통"
Sleep disturbance,183,수면장애,"수면문제,피로,불안"
"Middle cerebral artery infarction, right",182,오른쪽 중대뇌동맥 경색,"중대뇌동맥,허혈,운동장애"
Vaginal bleeding,182,질출혈,"질,출혈,불편감,통증"
Coronary artery occlusive disease,180,동맥질환,"동맥,통증,불편감"
Disseminated intravascular coagulation,180,전신성 혈관내 응고,"혈관,응고,통증,부종"
Supervision of pregnancy elderly primigravida,179,고령 초임산부의 임신 관리,"노인,임산부,임신,증상관리"
Acute pulmonary edema,179,급성 폐부종증,"폐,부종,호흡곤란,피로"
"Inguinal hernia, left",179,왼쪽 인대부의 탈장,"인대,이탈,통증,불편감"
Abnormal results of liver function studies,179,간기능 검사의 이상 결과,"간기능,검사,수치이상,피로,복부불편"
Gait disturbance,178,보행 장애,"보행어려움,불안감"
Quadriplegia,176,사지마비,"사지마비,운동제한,무력감"
Peptic ulcer,176,위궤양,"위궤양,복부통증,소화불량"
Unspecified diabetes mellitus with unspecified complications,176,특정한 합병증을 동반한 미지정 당뇨병,"특정합병증,당뇨병,관련증상"
Neutropenia,176,뉴트로필 감소,"뉴트로필,감소,면역력저하,감염"
Frequency of urination,175,배뇨 빈도증,잦은배뇨
Hypertensive heart disease,174,고혈압성 심장질환,"혈압,심장질환,증상"
Leukocytosis,174,백혈구증,"백혈구,증가,염증반응,피로,염증"
"Tear, lateral meniscus of knee",173,무릎 측면 사타구니,"무릎,사타구니,통증"
Transient tachypnea of new born,172,신생아 일과성 가슴커짐증,"신생아,가슴,가슴커짐,호흡곤란,빠른호흡"
Enterocolitis due to Clostridium difficile,172,클로스트리디움 디피실 배변기내염,"클로스트리디움디피실,배변기,염증"
"Chronic kidney disease, stage 5",171,"만성 신부전, 5단계","신기능,저하,피로,부종"
S/P appendectomy,170,맹장절제술 후,"맹장절제술,수술후,증상,소화불량"
Drug induced hepatitis,170,약물유발 간염,"약물,간염증,복부,불편감"
Exudative tonsillitis,169,도관성 편도염,"도관,염증,인후통,통증,발열"
Thyroid nodule,169,갑상선 결절,"갑상선,덩어리,목통증,염증"
Spondylolisthesis L4-5,169,"척추전위증, L4-5","척추전위증,통증,운동제한"
Chronic pancreatitis,169,만성 췌장염,"췌장염증,복부통증,소화불량"
"Meniscus tear, old",169,고여잡힘 있는 사타구니 파열,"사타구니,통증,발작,통증"
"Hypertension, benign",168,양성 고혈압,"고혈압,두통,호흡곤란"
Acute pharyngotonsillitis,168,급성 인후편도염,"인후편도,염증인후통,통증,발열"
Coronary artery occlusive disease (2 vessel disease),167,관상동맥 폐쇄성 질환 (2개 혈관질환),"관상동맥,폐쇄,가슴,통증"
"Gout, unspecified",167,상세불명 통풍,"통풍,관절통증,부기"
"Atherosclerosis, extremity artery",167,말초 동맥 경화증,"말초동맥,경화,저림,혈액순환이상"
Threatened labor,165,위협되는 분만,"분만,합병증"
Carcinomatosis,165,카르시노마토시스,"피부암,카르시노마토시스,피부변화"
"Chondromalacia, knee",164,무릎 연골 연화증,"연골,연화,통증,운동제한"
Anemia in pregnancy,164,임신 중 빈혈,"임신,빈혈,피로,무력감"
Previous cesarean section status (for OB),163,이전 제왕절개 수술 상태 (산과용),"제왕절개수술,복부,불편감"
Bed sore,163,두부 궤양,"두부궤양,두통,혼란"
Stress induced cardiomyopathy,163,스트레스 유발 심근증,"스트레스,심근이상,가슴통증"
"Rotator cuff tear, shoulder, right",163,"어깨 회전근 개 파열, 오른쪽","어깨회전근,이상,통증,운동제한"
Irregular astigmatism,162,불규칙한 난시,"시력,불규칙,변화,시야문제"
"Fracture femur, intertrochanteric, closed, left",162,"대퇴골 골절, 대퇴둔근사이부, 폐쇄성, 왼쪽","대퇴골,골절,통증,운동제한"
Small cell lung cancer (extensive),162,소세포 폐암 (확산),"소세포폐암,호흡곤란,피로"
"Diverticulitis, ascending colon",161,"눈물구염, 상행 결장","눈물구염,상행결장,이상,눈,통증"
Fracture of clavicle,161,쇄골 골절,"쇄골골절,통증,운동제한"
"Senile dementia, Alzheimer’s type",160,"노인성 치매, 알츠하이머형","치매,노인성치매,인지기능,저하,기억력저하"
"Sleep disorder, insomnia type",160,"수면장애, 불면증형","수면장애,피로,불안"
Microvascular angina,159,미세혈관성 협심증,"미세혈관,허혈,저림,피로"
Mood disorder,159,기분장애,"기분변동,우울"
Leukopenia,159,백혈감소증,"백혈구,감소,면역력,저하,감염"
Systemic Inflammatory Response Syndrome of infectious origin without organ failure,159,기관 장애 없는 감염 원인의 전신 염증 반응 증후군,"감염,염증,발열,무력감"
Pterygium,159,익상편,"상부,이상,통증,불편감"
Perforated appendicitis with localized peritonitis,159,국소 복막염을 동반한 천공성 충수염,"천공성충수염,복막염,복부통증,충수염"
Paralytic ileus,157,마비성 장폐색,"장,마비,복부통증,발열"
Coronary artery occlusive disease (3 vessel disease),157,관상동맥 폐쇄성 질환 (3혈관 질환),"관상동맥,폐쇄,가슴통증"
Hepatitis B viral carrier,157,B형 간염 바이러스 운반자,"B형간염,바이러스,보유,간검사,간"
Ischemic cardiomyopathy,156,허혈성 심근증,"심근허혈,가슴통증"
Slow transit constipation,156,진행 속도가 느린 변비,"변비,배변,불편감"
Other symptoms and signs involving emotional state,156,정서적 상태와 관련된 기타 증상 및 징후,"정서적,다양한증상"
Left side weakness,155,좌측 쪽 약화,기능약화
"Dementia, nonspecific",155,비특이성 치매,"비특이성,치매,기억력저하,인지기능,저하"
Hearing impairment,154,청력 장애,"청력저하,청각어려움"
"Gallstone, asymtomatic",153,증상 없는 담석,"무증상,담석"
Febrile convulsion,153,열성 경련,"열,경련,발작"
Anginal syndrome,153,협심증 증후군,"협심증,가슴통증"
Hepatic encephalopathy with coma,152,혼수를 동반한 간 뇌증,"간,뇌,기능저하,혼수상태"
Bone metastasis,152,뼈 전이,"암,전이,골통,피로"
Hemoptysis,152,피가 포함된 기침,각혈
Subarachnoid hemorrhage,151,경막하 출혈,"뇌,경막하,출혈,두통,의식변화"
"Sprain, back",151,등 틀어짐,"등,비정상적,자세,통증,불편감"
"Pancreatic cancer, unspecified",151,미분류 췌장암,"췌장암,다양한증상"
"Diabetes mellitus other, without complication",150,합병증 없는 기타 당뇨병,"당뇨병,합병증,없음"
Nasal bone fracture,149,비골 골절,"비골부위,골절,통증,운동제한"
Tinea pedis,149,발백선균 감염,"발백선균,감염증상"
Herniated lumbar disc L4/L5,149,요추 디스크 탈출증 L4/L5,"요추디스크,탈출,허리통증,방사통"
Diffuse large B cell lymphoma,148,분포성 큰 B세포 림프종,"B세포,림프종,부기,빈혈"
Carotid artery stenosis,148,경동맥 협착,"경동맥,협착,협심증,흉통"
Asymptomatic cholelithiasis,148,증상 없는 담석증,"무증상,담석"
"Fracture, finger, closed",147,"손가락 골절, 폐쇄성","손가락골절,통증,운동제한"
Tremor,147,떨림,"신체부위,떨림,경련,발작"
Fibromyalgia,147,섬유근육통,"근육통증,불편감"
Nose bleeding,147,코 피가 나는 것,코피
Systolic(congestive) heart failure (NYHA II),147,수축기(종창성) 심부전 (NYHA II),"심부전,호흡곤란,피로"
Maxillary sinusitis,146,상악동염,"상악동,염증,얼굴통증,발열"
Hemoperitoneum,146,복막내 출혈,"복막,출혈,복부통증,혼란"
"Osteoarthritis, knee, left",146,왼쪽 무릎 골관절염,"무릎,골관절,염증,통증,운동제한"
Premature ventricular contraction,146,조기심실수축,"조기심실수축,두근거림,불안감"
"Other specified chronic obstructive pulmonary disease, severe",145,기타 지정된 중증 만성 폐쇄성 폐질환,"중증,폐질환,호흡곤란,피로"
"Chronic obstructive pulmonary disease, moderate",145,중등도 만성 폐쇄성 폐질환,"만성,폐질환,호흡곤란,기침"
Gallbladder empyema with gallbladder stone,145,담낭염 병소성 담석증과 담낭염,"담낭염,병소성,담석증,복부통증"
Hypernatremia,145,고나트륨혈증,"고나트륨,혈증,부종,혈압상승"
"Birth weight, 2000-2499 grams",145,"출생 체중, 2000-2499 그램","출생,체중범위,2000-2499그램"
Rectosigmoid junction cancer,144,직장결합부암,"직장결합부,암,변비,복부통증"
Pseudomembranous colitis,144,의사막대염성 대장염,"대장,염증,복부통증,설사"
Cystitis,144,방광염,"방광,염증,배뇨불편,통증"
Gallbladder polyp,144,담낭 폴립,"담낭,폴립,복부불편,발견"
Acute respiratory failure,143,급성 호흡부전,"급성,호흡부전,호흡곤란,피로"
"Osteoarthritis, knee",143,무릎 골관절염,"무릎,골관절,염증,통증,운동제한"
Mesenteric lymphadenitis,143,장막림프절염,"장막림프절,염증,복부통증,발열"
"Other preterm infants, 34-36 completed weeks",142,"기타 미숙아, 34-36주 미완성","미숙아,출생,이상증상"
Osteopenia,141,골고루증,"부위,통증,불편감"
Chronic superficial atrophic gastritis,141,만성 표피위축성 위염,"위,점막,표피위축,속쓰림,소화불량"
"Fracture radius, distal",141,"반지 선균, 원위골 골절","원위골,골절,통증,운동제한"
"Epilepsy, focal",141,"간질, 초점성","초점성,간질,발작,의식변화"
Common bile duct cancer,141,총담관암,"총담관,암,위통,체중감소"
Cephalopelvic disproportion,140,두수치비대칭,"두수치비대칭,얼굴변형,불편감"
Pressure sore,140,압박성 창상,"피부창상,통증,부기"
Cognitive disorder,140,인지 장애,"인지능력,저하,기억력감퇴,혼란"
"Hemiplegia, right",140,우측 반신마비,"반신,마비,운동장애,불편감"
"Acute myocardial infarction, non ST elevation",140,비 ST 상승 심근경색,"상승,심근경색,흉통,호흡곤란"
Multiple myeloma,140,다발성 골수종,"골수,다양한,종양"
"Compression fracture, L1",140,"압박 골절, L1","L1,요추골절,통증,운동제한"
"Paratubal cyst, right",140,"자궁 부속관 낭종, 우측","자궁,부속관,낭종,복부불편"
Other postprocedural musculoskeletal disorders,139,기타 시술후 근골격계 장애,"수술후,근골격계,이상증상"
Appendicitis,139,충수염,"충수염증,복부통증,설사"
Entropion,138,안티포션,"의도적,산소섭취,중지,호흡곤란,혼란"
Parainfluenza virus infection,138,파라인플루엔자 바이러스 감염,"파라인플루엔자,바이러스,감염증"
Irritable bowel syndrome with diarrhoea,137,설사를 동반한 과민성 대장 증후군,"과민성대장증후군,설사,복부통증"
Atrioventricular node reentry tachycardia,137,심실실방전차단절환,"심실실방전차단,어지러움,무기력"
"Atherosclerosis, generalized",137,일반화된 아테로스클로로시스,"일반화,동맥경화,혈액순환,저하"
Diabetic neuropathy,137,당뇨병 신경병증,"당뇨병,신경손상,저림,쥐어짐"
Atrial flutter,136,심방부정맥,"심방부정맥,두근거림,호흡곤란"
"Renal stone, left",136,좌측 신장 결석,"신장,결석,통증,복부불편"
Knee pain,136,무릎 통증,"무릎통증,운동제한,불편감"
Meningitis,136,수막염,"수막염,두통,발열"
Esophageal varix,136,식도 정맥류,"식도,정맥류,구역,통증,각혈,구토"
"Carcinomatosis, peritonei",136,복막암증,"복막암,복부통증,체중감소"
Eczema,135,습진,"피부,염증,가려움,발진"
Edema,135,부종,"부위별,전신적,부종,발생"
Bacteremia,135,세균혈증,"세균,혈액감염,열감,혼란"
Sepsis (new born baby),134,패혈증 (신생아),"신생아,패혈증,발열,무기력"
"Spinal stenosis L5,S1",134,"척추 협착증 L5,S1","척추,L5,S1,협착,허리통증,방사통"
"Fracture femur, intertrochanteric, closed, right",134,"우측 고관절 골절, 폐쇄성, 우측","고관절,폐쇄성골절,통증,운동제한"
Neonatal aspiration of amniotic fluid and mucus,134,태아수 및 점막의 신생아 흡인증,"신생아,폐,점막,태아수,현상"
R/O lung cancer,134,폐암 의심,"폐암,조기발견,호흡곤란,기침"
"Patella fracture, closed",133,"슬개골 골절, 폐쇄성","슬개골,폐쇄성,골절,통증,운동제한"
Lung cancer (squamous cell cancer),133,폐암 (편평세포암),"폐,편평세포암,호흡곤란,기침"
High grade squamous intraepithelial lesion of cervix(CIN III),133,자궁경부의 고등급 표피내상세포종(CIN III),"자궁경부,표피내상세포종,이상,배출,출혈"
Herniated nucleus pulposus. L3-4,133,핵판(원자핵)의 탈출증. L3-4,"L3,L4,척추,탈출,허리통증,방사통"
Other and unspecified congestive heart failure,133,기타 및 미분류된 심부전,"다양한원인,심부전,호흡곤란,부종"
Chronic renal failure with exacerbation,132,악화된 만성 신부전,"악화,상태,만성,신부전,피로,호흡곤란"
Trigger finger,131,트리거 손가락,"손가락,통증,운동제한"
Frozen shoulder,131,얼어붙은 견관절,"견관절,팔,운동제한,통증"
Right side weakness,130,우측 측면 약화,"근육,약화,운동장애,불편감"
Palpitation,130,두근거림,"심장,두근거림,불안감"
"Chronic cystitis, other",130,기타 만성 방광염,"만성,방광염,배뇨,불편,통증"
Chronic cholecystitis,129,만성 담낭염,"만성,담낭염,복부통증,속쓰림"
Ischemic colitis,129,허혈성 대장염,"대장,허혈,복부통증,설사"
Cervical lymphadenopathy,129,경부 림프절종대증,"경부림프절,종대증,부기,불편감"
"Sinusitis, acute, other",129,"급성 부비동염, 기타","급성,부비동염,코막힘,두통"
Anemia due to chronic disease,128,만성 질환으로 인한 빈혈,"만성질환,빈혈"
Chronic respiratory failure,128,만성 호흡부전,"만성,호흡부전,호흡곤란,피로"
Hypoparathyroidism,127,갑상샘 기능저하증,"갑상샘기능저하,피로,무기력"
"Hemiplegia, left",127,좌측 반신마비,"반신,마비,운동장애,불편감"
Atopic dermatitis,125,아토피 피부염,"피부,아토피,가려움,발진"
Diabetic retinopathy,125,당뇨망막병증,"당뇨병,망막손상,시력저하,빛번짐"
Compression fracture L1 with osteoporosis,125,골다공증으로 인한 L1 압박골절,"골다공증,척추,L1,압박골절,허리통증,키작아짐"
Gross hematuria,124,심한 혈뇨,과다출혈
"Paratubal cyst, left",123,좌측 난관 바르프 낭종,"난관,낭종,복통,불편감"
Effort angina,123,노력 협심증,"흉통,호흡곤란"
"Renal stone, right",123,우측 신장 결석,"신장,결석,통증,복부불편"
Contusion of hip,123,엉덩이 타박상,"엉덩이,충격,통증,멍"
Metastasis to axillary lymph node,122,겨드랑이 림프절로의 전이,"겨드랑이,림프절,다른부위,전이,종양"
Post resuscitation status,122,소생 후 상태,"사고후,회복"
Cervix cancer,122,자궁경부암,"자궁경부,암,출혈,통증"
Superficial keratitis with conjunctivitis,122,각막염에 동반된 표피각막염,"각막염,각막,표피층,염증,시력저하,가려움"
"Allergic rhinitis, other",122,"알레르기성 비염, 기타","알레르기,비염"
Umbilical hernia,122,배꼽탈장,"내장,배꼽"
Gallbladder cancer,121,담낭암,"담낭,암,복부통증,체중감소"
"Fracture, distal radius, wrist, left",121,"골반부 골절, 원위골, 손목, 좌측","골반부,원위골,손목,골절,통증,운동제한"
Ketotic hypoglycemia,121,케토시스 저혈당증,"케톤체,증가,저혈당,어지러움,혼란"
Alcoholic liver disease,121,알코올성 간질환,"알코올,섭취,간,기능장애,복부통증,의식변화"
Special screening examination for 2019-nCoV acute respiratory disease,121,2019년 신코로나바이러스 급성 호흡기 질환의 특별 조사 검사,"코로나,바이러스,호흡기증상,감염여부,검사"
"Medial meniscus tear, old",121,"내측 측부분낭파열, 오래된","내측,측부분,낭파열,통증,부종"
Cholangiocellular carcinoma,120,담관세포암,"담관,세포,암,복부통증,체중감소"
"Larynx disease, other",120,"후두질환, 기타","후두,다양한질환,목소리변조,목통증,목"
"Carpal tunnel syndrome, both",120,"수근관 증후군, 양쪽","양쪽,수근관증후군,통증,감각이상"
"Traumatic compression fracture of T12, closed",120,"T12의 외상성 압박골절, 폐쇄성","척추,T12,외상,압박골절,통증,방사통"
Gouty arthritis,120,통풍성 관절염,"통풍,관절염,통증,부종"
Peripheral neuropathy,120,말초 신경병증,"말초신경,이상,저림,통증"
Diabetic ketoacidosis,120,당뇨성 케토산증,"당뇨,케톤체,증가,어지러움,구토"
Esophageal cancer,119,식도암,"식도,발생,암,역류성통증,음식섭취,어려움,통증"
"Osteoarthritis, knee, right",119,"무릎 골관절염, 우측","무릎,골관절염,통증,운동제한"
Postprocedural hypoparathyroidism,118,수술 후 갑상샘 기능저하증,"수술후,갑상샘,기능저하,피로,무기력"
"Medial meniscus tear, knee, left",118,"무릎 내측 측부분낭파열, 좌측","무릎,내측,측부분,낭파열,통증,부종"
Obstructive bronchitis,118,폐기도염,"기도,염증,폐기도염,기침,목통증,통증"
Laceration of finger,118,손가락 찢김,"손가락,상처,통증,출혈"
Cervical lymphadenitis,117,경부 림프절종대증,"경부,림프절,종대증,부기,불편감"
Traumatic subarachnoid hemorrhage,117,외상성 경막하 출혈,"외상,경막하,출혈,두통,구토"
Other single mood [affective] disorders,117,기타 단일 기분 [정서] 장애,"다양한원인,기분장애증상"
Simple partial seizure,117,간단한 부분 발작,"발작,의식장애,간질"
"Pneumonia, rhinovirus",117,"폐렴, 비루노바이러스","비루노바이러스,폐렴,바이러스"
Panniculitis,117,또래지방염,"특정부위,지방조직,염증,통증,부종"
Neutropenic fever,117,성마비열,"성매개병,발열,발진"
Ganglion cyst,117,신경절낭종,"신경절,낭종,통증,저림"
S/P Coronary artery bypass graft,117,관상동맥 우회술 후,"관상동맥,우회술,수술후"
Narcolepsy,116,나르콜렙시,"졸음,나르콜렙시증상"
Diabetes mellitus type 2 with nephropathy-end stage renal disease,116,2형 당뇨병에 신장병증-최종단계 신장질환,"2형,당뇨병,신장기능,저하,피로,부종"
Vasospastic angina,116,협착성 협심증,"동맥,협착,가슴통증,호흡곤란"
Colon adenoma,116,대장선 아데노마,"대장선,아데노마,변비,복부통증"
"Deep vein thrombosis, leg",115,하지 심정맥 혈전증,"하지,심정맥,혈전,부종,통증"
"Peripheral arterial occlusive disease, unspecified artery",115,"말초 동맥 폐쇄성 질환, 미지정 동맥","말초동맥,폐쇄,통증,저림"
Breast mass,115,유방 종양,"유방,종양,종양,통증,덩어리"
Renal cyst,115,신장 낭종,"신장,낭종,통증,복부,불편"
"Preterm labor without delivery, 22 weeks or more pregnant ~ less than 34weeks pregnant",114,"태어나지 않은 아기의 조기진통, 임신 22주 이상 ~ 34주 미만","임신,조기진통,분만,위험,자궁,수축"
Mood disorder with depressive features,113,우울 특징을 가진 기분 장애,"우울증상,기분장애"
Early gastric cancer,113,조기 위암,"위,조기,암,속쓰림,체중감소"
Acute nasopharyngitis,113,급성 비인두염,"비인두,급성,염증,목통증,코막힘,통증"
Other neonatal hypoglycaemia,112,기타 신생아 저혈당,"신생아,저혈당,흉부부종,무기력"
"Crushing injury, finger",112,손가락 압착 손상,"손가락,압착,손상,출혈,통증"
Pericardial effusion,112,심낭 유출증,"심낭,유출,흉통,호흡곤란"
Interstitial lung disease,112,조직 사이 폐질환,"조직,사이,폐,질환,호흡곤란,흉통"
"Hypertriglyceridemia, essential",112,"고중지혈증, 본태성","고중지,혈압,두통,어지러움"
CVA (cerebrovascular accident),111,뇌졸증,"뇌,혈액,공급부족,마비,말초신경증상"
Adenovirus infection,111,아데노바이러스 감염,"아데노바이러스,바이러스,발열,인후통증"
Respiratory syncytial virus infection,111,호흡기 동맥운동합세균,"호흡기바이러스,동맥운동합세균,바이러스,발열,기침"
R/O prostate cancer,111,전립선암 의심,"전립선,발생,암,조기발견"
Supervision of normal pregnancy,111,정상 임신의 감독,"임신,감독,관리"
Bladder stone,111,방광 결석,"방광,결석,배뇨통,소변,어려움"
Cholangiohepatitis,111,담췌관염,"담췌관,염증,복부통증,구토"
Atrial septal defect,111,심방 중격 결손증,"심방,중격,결손,체중감소,피로,빠른박동"
Schizophrenia,111,조현병,"정신이상,환각,망상"
"Ocular hypertension, Unspecified side",110,"안압상승, 미지정 측","안압상승,시력변화,시야제한,미지정"
Major depressive disorder,109,대우성우울증,"대우성,우울증,우울증상,기분저하,피로"
Systolic heart failure,109,수축기 심부전,"심장수축기,기능부족,호흡곤란,부종,심장"
Colitis of unspecified origin,109,기원불명의 대장염,"원인불명,대장,염증,복부통증,설사"
Prostate hyperplasia,109,전립선 비대증,"전립선,비대,배뇨어려움,복부불편,소변어려움"
Cerebral atherosclerosis,109,뇌동맥 경화,"뇌동맥,경화,혼돈,어지러움"
Gall stone with chronic cholecystitis,109,만성 담낭염을 동반한 담석,"만성,담낭염,담석,복부불편,소화장애"
Endometrial cancer,109,자궁내막암,"자궁,자궁내막,암,출혈,불편감"
Degenerative arthritis,109,퇴화성 관절염,"관절,퇴화,통증,운동제한"
Huge myoma of uterus,108,자궁의 거대한 궤양,"자궁,궤양,출혈,복부불편"
"Conjunctivitis, other",108,"결막염, 기타","기타종류,결막염,눈,가려움,부기"
Sprain of ankle,107,발목 틀어짐,"발목,틀어짐,통증,부종"
Dysphagia,107,투식 곤란,"과식,소화불량,복부불편"
"Ossification of posterior longitudinal ligament, cervical",107,경추 후경추의 골화,"경추,후경추,골화,통증,운동제한"
Perianal abscess,107,회음부 농양,"항문,회음부,농양,통증"
Itching sensation,106,가려움증,"가려움,피부,발진,불편감"
Pelvic organ prolapse,106,골반 기관 탈출,"골반,탈출,복부불편,운동제한"
Failed back surgery syndrome,106,실패한 등 뒤 수술 증후군,"등,척추,수술후,통증,불편감"
Unspecified dementia,106,불명확한 치매,"불명확,치매,기억상실,혼돈,인지기능,저하"
"Confusional state, acute",106,"혼란 상태, 급성","급성,혼란상태,혼돈,어지러움"
Osteoporosis with fracture,106,골절을 동반한 골다공증,"골다공증,골절,통증,운동제한"
Diabetes mellitus type 2 with nephropathy-micro,106,2형 당뇨병에 신장병증-미크로,"2형,당뇨병,신장병증,소변어려움,피로"
Diplopia,106,이중시,"이중시,시야제한,불편감"
"Medial meniscus tear, knee, right",106,"무릎 내측 측부분낭파열, 우측","파열,무릎,내측,측부분낭파열,통증,운동제한"
Abnormality of liver function,105,간 기능 이상,"간,기능이상,피로,복부불편"
"Ovarian cyst, bilateral",105,"난소 낭종, 양쪽","난소,낭종,복부불편,통증"
Drug eruption,105,약물 발진,"약물,복용,복용후,발진,가려움"
Weight loss (abnormal),105,체중 감소 (비정상),"비정상적,체중감소,피로,쇠약"
"Folliculitis, superficial pustular",105,"털물집염, 표피농희성","피부,물집,염증"
"Bladder tumor, uncertain behavior",105,"방광 종양, 불확실한 행동","불확실,방광,종양,배뇨,소변어려움"
Impacted tooth,105,밀착 치아,"치아,밀착"
"Paratubal cyst, both",104,"난관 바르프 낭종, 양쪽","난관,낭종,복부불편,통증"
Simple chronic bronchitis,104,단순 만성 기관지염,"만성,기관지,염증,기침,호흡곤란"
Acute abdomen,104,급성 복부통,"급성,복부,복부통증,불편,복부팽만"
"Chronic obstructive pulmonary disease with acute exacerbation, unspecified",104,"급성 악화를 동반한 만성 폐쇄성 폐질환, 미지정","만성,폐쇄성,폐질환,악화,호흡곤란,피로,폐"
Benign positional paroxysmal vertigo,104,양성 위치성 발작성 어지러움증,"발작성,어지러움,혼돈"
Vestibular neuritis,104,전정신경염,"전정신경,염증,어지러움,균형장애"
Arrhythmia,103,부정맥,"심박조절,이상상태,두근거림,혼돈"
Hepatic cyst,103,간낭종,"간,낭종,복부불편,통증"
Other keratoconjunctivitis,103,기타 각막결막염,"각막,결막,염증,눈가려움,부기"
Meniscus tear,103,퇴행성 관절염,"관절,퇴화,통증,운동제한"
Change in bowel habit,103,변비 습관 변화,"변비,습관변화,소화불량,복부불편"
"Sudden hearing loss, unspecified",103,"급성 난청, 미지정","급성,난청,청력감소,불편감"
". L4-5,L5-S1",103,"L4-5, L5-S1","척추,L4,5,L5,S1,통증,운동제한"
Herpes simplex,103,헤르페스 단순바이러스,"헤르페스,단순,바이러스,발진,가려움"
Metastasis to lung,102,폐로의 전이,"폐,전이,종양,호흡곤란,피로"
"Singleton, born outside hospital",102,병원 외에서 태어난 아기(한명),"병원,신생아,감독,관리"
Hypertrophy(benign) of prostate,102,전립선 비대증(양성),"전립선,비대증,배뇨,소변어려움,복부불편"
"Traumatic subdural hemorrhage, chronic",102,"외상성 경막하 출혈, 만성","만성,외상성,경막하,출혈,통증,불편감"
Intrinsic eczema,101,내재성 습진,"내재성,습진,피부발진,가려움"
Tinea cruris,101,티네아 크루리스,"상처,선형상처,피부감염,발진,가려움"
"Fracture lateral malleolus, ankle, left",101,"좌측 측복부 건골쪽 골절, 발목, 좌측","발목,골절,통증,운동제한"
"Abdominal pain, Rt upper",101,우측 상복부 통증,"상복부통증,복부불편,불안"
Gestational diabetes mellitus,100,임신성 당뇨병,"임신,당뇨병,피로,배뇨,소변어려움"
Shoulder pain,100,어깨 통증,"어깨,통증,운동제한,불편감"
Acute gastric ulcer,100,급성 위궤양,"급성,위궤양,복부통증,소화장애"
Gallbladder polyp with chronic cholecystitis,100,담낭 폴립을 동반한 만성 담낭염,"만성,담낭염,담낭,폴립,복부불편,소화장애"
Endocervical polyp,100,자궁경부 내 종양,"자궁경부,종양,출혈,생리곤란"
"Dermatitis, irritant",100,"피부염, 자극성","자극,피부염증,가려움,발작"
Lung nodule(s),100,폐결절(들),"폐,결절,호흡곤란,피로"
